date,service,nb_admissions
2024-01-01,all,47
2024-01-01,cardiologie,13
2024-01-01,neurologie,8
2024-01-01,pediatrie,6
2024-01-01,reanimation,8
2024-01-01,urgences,12
2024-01-02,all,39
2024-01-02,cardiologie,5
2024-01-02,neurologie,10
2024-01-02,pediatrie,8
2024-01-02,reanimation,8
2024-01-02,urgences,8
2024-01-03,all,44
2024-01-03,cardiologie,14
2024-01-03,neurologie,10
2024-01-03,pediatrie,5
2024-01-03,reanimation,6
2024-01-03,urgences,9
2024-01-04,all,51
2024-01-04,cardiologie,7
2024-01-04,neurologie,12
2024-01-04,pediatrie,13
2024-01-04,reanimation,9
2024-01-04,urgences,10
2024-01-05,all,41
2024-01-05,cardiologie,9
2024-01-05,neurologie,7
2024-01-05,pediatrie,11
2024-01-05,reanimation,4
2024-01-05,urgences,10
2024-01-06,all,33
2024-01-06,cardiologie,8
2024-01-06,neurologie,7
2024-01-06,pediatrie,3
2024-01-06,reanimation,9
2024-01-06,urgences,6
2024-01-07,all,44
2024-01-07,cardiologie,12
2024-01-07,neurologie,5
2024-01-07,pediatrie,11
2024-01-07,reanimation,6
2024-01-07,urgences,10
2024-01-08,all,58
2024-01-08,cardiologie,6
2024-01-08,neurologie,13
2024-01-08,pediatrie,12
2024-01-08,reanimation,15
2024-01-08,urgences,12
2024-01-09,all,43
2024-01-09,cardiologie,12
2024-01-09,neurologie,9
2024-01-09,pediatrie,10
2024-01-09,reanimation,4
2024-01-09,urgences,8
2024-01-10,all,51
2024-01-10,cardiologie,7
2024-01-10,neurologie,10
2024-01-10,pediatrie,12
2024-01-10,reanimation,9
2024-01-10,urgences,13
2024-01-11,all,45
2024-01-11,cardiologie,4
2024-01-11,neurologie,13
2024-01-11,pediatrie,10
2024-01-11,reanimation,9
2024-01-11,urgences,9
2024-01-12,all,45
2024-01-12,cardiologie,8
2024-01-12,neurologie,10
2024-01-12,pediatrie,10
2024-01-12,reanimation,10
2024-01-12,urgences,7
2024-01-13,all,41
2024-01-13,cardiologie,9
2024-01-13,neurologie,9
2024-01-13,pediatrie,7
2024-01-13,reanimation,11
2024-01-13,urgences,5
2024-01-14,all,29
2024-01-14,cardiologie,6
2024-01-14,neurologie,7
2024-01-14,pediatrie,4
2024-01-14,reanimation,4
2024-01-14,urgences,8
2024-01-15,all,44
2024-01-15,cardiologie,8
2024-01-15,neurologie,11
2024-01-15,pediatrie,10
2024-01-15,reanimation,5
2024-01-15,urgences,10
2024-01-16,all,48
2024-01-16,cardiologie,11
2024-01-16,neurologie,11
2024-01-16,pediatrie,4
2024-01-16,reanimation,9
2024-01-16,urgences,13
2024-01-17,all,45
2024-01-17,cardiologie,9
2024-01-17,neurologie,12
2024-01-17,pediatrie,7
2024-01-17,reanimation,13
2024-01-17,urgences,4
2024-01-18,all,56
2024-01-18,cardiologie,18
2024-01-18,neurologie,8
2024-01-18,pediatrie,11
2024-01-18,reanimation,9
2024-01-18,urgences,10
2024-01-19,all,47
2024-01-19,cardiologie,12
2024-01-19,neurologie,8
2024-01-19,pediatrie,13
2024-01-19,reanimation,11
2024-01-19,urgences,3
2024-01-20,all,35
2024-01-20,cardiologie,6
2024-01-20,neurologie,7
2024-01-20,pediatrie,7
2024-01-20,reanimation,9
2024-01-20,urgences,6
2024-01-21,all,54
2024-01-21,cardiologie,11
2024-01-21,neurologie,12
2024-01-21,pediatrie,6
2024-01-21,reanimation,11
2024-01-21,urgences,14
2024-01-22,all,63
2024-01-22,cardiologie,10
2024-01-22,neurologie,13
2024-01-22,pediatrie,12
2024-01-22,reanimation,14
2024-01-22,urgences,14
2024-01-23,all,57
2024-01-23,cardiologie,16
2024-01-23,neurologie,11
2024-01-23,pediatrie,7
2024-01-23,reanimation,7
2024-01-23,urgences,16
2024-01-24,all,45
2024-01-24,cardiologie,11
2024-01-24,neurologie,8
2024-01-24,pediatrie,8
2024-01-24,reanimation,12
2024-01-24,urgences,6
2024-01-25,all,53
2024-01-25,cardiologie,11
2024-01-25,neurologie,6
2024-01-25,pediatrie,13
2024-01-25,reanimation,16
2024-01-25,urgences,7
2024-01-26,all,59
2024-01-26,cardiologie,14
2024-01-26,neurologie,9
2024-01-26,pediatrie,15
2024-01-26,reanimation,13
2024-01-26,urgences,8
2024-01-27,all,39
2024-01-27,cardiologie,12
2024-01-27,neurologie,3
2024-01-27,pediatrie,4
2024-01-27,reanimation,10
2024-01-27,urgences,10
2024-01-28,all,50
2024-01-28,cardiologie,19
2024-01-28,neurologie,11
2024-01-28,pediatrie,5
2024-01-28,reanimation,9
2024-01-28,urgences,6
2024-01-29,all,62
2024-01-29,cardiologie,15
2024-01-29,neurologie,8
2024-01-29,pediatrie,10
2024-01-29,reanimation,16
2024-01-29,urgences,13
2024-01-30,all,57
2024-01-30,cardiologie,10
2024-01-30,neurologie,14
2024-01-30,pediatrie,8
2024-01-30,reanimation,13
2024-01-30,urgences,12
2024-01-31,all,54
2024-01-31,cardiologie,7
2024-01-31,neurologie,12
2024-01-31,pediatrie,10
2024-01-31,reanimation,13
2024-01-31,urgences,12
2024-02-01,all,56
2024-02-01,cardiologie,14
2024-02-01,neurologie,7
2024-02-01,pediatrie,10
2024-02-01,reanimation,7
2024-02-01,urgences,18
2024-02-02,all,45
2024-02-02,cardiologie,7
2024-02-02,neurologie,7
2024-02-02,pediatrie,10
2024-02-02,reanimation,13
2024-02-02,urgences,8
2024-02-03,all,31
2024-02-03,cardiologie,7
2024-02-03,neurologie,5
2024-02-03,pediatrie,7
2024-02-03,reanimation,5
2024-02-03,urgences,7
2024-02-04,all,42
2024-02-04,cardiologie,7
2024-02-04,neurologie,5
2024-02-04,pediatrie,4
2024-02-04,reanimation,12
2024-02-04,urgences,14
2024-02-05,all,45
2024-02-05,cardiologie,9
2024-02-05,neurologie,9
2024-02-05,pediatrie,6
2024-02-05,reanimation,10
2024-02-05,urgences,11
2024-02-06,all,51
2024-02-06,cardiologie,12
2024-02-06,neurologie,11
2024-02-06,pediatrie,6
2024-02-06,reanimation,13
2024-02-06,urgences,9
2024-02-07,all,35
2024-02-07,cardiologie,4
2024-02-07,neurologie,6
2024-02-07,pediatrie,7
2024-02-07,reanimation,9
2024-02-07,urgences,9
2024-02-08,all,41
2024-02-08,cardiologie,8
2024-02-08,neurologie,7
2024-02-08,pediatrie,10
2024-02-08,reanimation,7
2024-02-08,urgences,9
2024-02-09,all,54
2024-02-09,cardiologie,7
2024-02-09,neurologie,15
2024-02-09,pediatrie,8
2024-02-09,reanimation,14
2024-02-09,urgences,10
2024-02-10,all,47
2024-02-10,cardiologie,2
2024-02-10,neurologie,7
2024-02-10,pediatrie,13
2024-02-10,reanimation,14
2024-02-10,urgences,11
2024-02-11,all,44
2024-02-11,cardiologie,8
2024-02-11,neurologie,11
2024-02-11,pediatrie,7
2024-02-11,reanimation,6
2024-02-11,urgences,12
2024-02-12,all,62
2024-02-12,cardiologie,12
2024-02-12,neurologie,12
2024-02-12,pediatrie,15
2024-02-12,reanimation,14
2024-02-12,urgences,9
2024-02-13,all,54
2024-02-13,cardiologie,12
2024-02-13,neurologie,13
2024-02-13,pediatrie,12
2024-02-13,reanimation,8
2024-02-13,urgences,9
2024-02-14,all,44
2024-02-14,cardiologie,12
2024-02-14,neurologie,11
2024-02-14,pediatrie,6
2024-02-14,reanimation,10
2024-02-14,urgences,5
2024-02-15,all,52
2024-02-15,cardiologie,15
2024-02-15,neurologie,6
2024-02-15,pediatrie,11
2024-02-15,reanimation,11
2024-02-15,urgences,9
2024-02-16,all,55
2024-02-16,cardiologie,10
2024-02-16,neurologie,12
2024-02-16,pediatrie,12
2024-02-16,reanimation,15
2024-02-16,urgences,6
2024-02-17,all,55
2024-02-17,cardiologie,4
2024-02-17,neurologie,10
2024-02-17,pediatrie,10
2024-02-17,reanimation,12
2024-02-17,urgences,19
2024-02-18,all,51
2024-02-18,cardiologie,15
2024-02-18,neurologie,9
2024-02-18,pediatrie,5
2024-02-18,reanimation,12
2024-02-18,urgences,10
2024-02-19,all,52
2024-02-19,cardiologie,8
2024-02-19,neurologie,15
2024-02-19,pediatrie,10
2024-02-19,reanimation,11
2024-02-19,urgences,8
2024-02-20,all,65
2024-02-20,cardiologie,15
2024-02-20,neurologie,11
2024-02-20,pediatrie,11
2024-02-20,reanimation,18
2024-02-20,urgences,10
2024-02-21,all,59
2024-02-21,cardiologie,14
2024-02-21,neurologie,12
2024-02-21,pediatrie,16
2024-02-21,reanimation,8
2024-02-21,urgences,9
2024-02-22,all,57
2024-02-22,cardiologie,11
2024-02-22,neurologie,14
2024-02-22,pediatrie,10
2024-02-22,reanimation,15
2024-02-22,urgences,7
2024-02-23,all,69
2024-02-23,cardiologie,17
2024-02-23,neurologie,14
2024-02-23,pediatrie,14
2024-02-23,reanimation,13
2024-02-23,urgences,11
2024-02-24,all,59
2024-02-24,cardiologie,13
2024-02-24,neurologie,11
2024-02-24,pediatrie,10
2024-02-24,reanimation,13
2024-02-24,urgences,12
2024-02-25,all,59
2024-02-25,cardiologie,9
2024-02-25,neurologie,14
2024-02-25,pediatrie,13
2024-02-25,reanimation,9
2024-02-25,urgences,14
2024-02-26,all,65
2024-02-26,cardiologie,11
2024-02-26,neurologie,15
2024-02-26,pediatrie,5
2024-02-26,reanimation,12
2024-02-26,urgences,22
2024-02-27,all,62
2024-02-27,cardiologie,13
2024-02-27,neurologie,10
2024-02-27,pediatrie,11
2024-02-27,reanimation,16
2024-02-27,urgences,12
2024-02-28,all,69
2024-02-28,cardiologie,13
2024-02-28,neurologie,12
2024-02-28,pediatrie,18
2024-02-28,reanimation,16
2024-02-28,urgences,10
2024-02-29,all,75
2024-02-29,cardiologie,17
2024-02-29,neurologie,15
2024-02-29,pediatrie,15
2024-02-29,reanimation,11
2024-02-29,urgences,17
2024-03-01,all,44
2024-03-01,cardiologie,14
2024-03-01,neurologie,7
2024-03-01,pediatrie,4
2024-03-01,reanimation,11
2024-03-01,urgences,8
2024-03-02,all,37
2024-03-02,cardiologie,7
2024-03-02,neurologie,10
2024-03-02,pediatrie,8
2024-03-02,reanimation,5
2024-03-02,urgences,7
2024-03-03,all,32
2024-03-03,cardiologie,10
2024-03-03,neurologie,4
2024-03-03,pediatrie,3
2024-03-03,reanimation,9
2024-03-03,urgences,6
2024-03-04,all,45
2024-03-04,cardiologie,6
2024-03-04,neurologie,15
2024-03-04,pediatrie,5
2024-03-04,reanimation,8
2024-03-04,urgences,11
2024-03-05,all,53
2024-03-05,cardiologie,7
2024-03-05,neurologie,13
2024-03-05,pediatrie,12
2024-03-05,reanimation,10
2024-03-05,urgences,11
2024-03-06,all,57
2024-03-06,cardiologie,10
2024-03-06,neurologie,17
2024-03-06,pediatrie,10
2024-03-06,reanimation,10
2024-03-06,urgences,10
2024-03-07,all,47
2024-03-07,cardiologie,8
2024-03-07,neurologie,6
2024-03-07,pediatrie,8
2024-03-07,reanimation,13
2024-03-07,urgences,12
2024-03-08,all,55
2024-03-08,cardiologie,9
2024-03-08,neurologie,12
2024-03-08,pediatrie,11
2024-03-08,reanimation,13
2024-03-08,urgences,10
2024-03-09,all,40
2024-03-09,cardiologie,2
2024-03-09,neurologie,10
2024-03-09,pediatrie,14
2024-03-09,reanimation,6
2024-03-09,urgences,8
2024-03-10,all,35
2024-03-10,cardiologie,5
2024-03-10,neurologie,10
2024-03-10,pediatrie,7
2024-03-10,reanimation,5
2024-03-10,urgences,8
2024-03-11,all,58
2024-03-11,cardiologie,11
2024-03-11,neurologie,11
2024-03-11,pediatrie,12
2024-03-11,reanimation,10
2024-03-11,urgences,14
2024-03-12,all,59
2024-03-12,cardiologie,13
2024-03-12,neurologie,9
2024-03-12,pediatrie,9
2024-03-12,reanimation,10
2024-03-12,urgences,18
2024-03-13,all,48
2024-03-13,cardiologie,9
2024-03-13,neurologie,15
2024-03-13,pediatrie,11
2024-03-13,reanimation,7
2024-03-13,urgences,6
2024-03-14,all,60
2024-03-14,cardiologie,17
2024-03-14,neurologie,13
2024-03-14,pediatrie,9
2024-03-14,reanimation,11
2024-03-14,urgences,10
2024-03-15,all,29
2024-03-15,cardiologie,4
2024-03-15,neurologie,3
2024-03-15,pediatrie,8
2024-03-15,reanimation,8
2024-03-15,urgences,6
2024-03-16,all,44
2024-03-16,cardiologie,13
2024-03-16,neurologie,7
2024-03-16,pediatrie,10
2024-03-16,reanimation,6
2024-03-16,urgences,8
2024-03-17,all,40
2024-03-17,cardiologie,7
2024-03-17,neurologie,9
2024-03-17,pediatrie,8
2024-03-17,reanimation,8
2024-03-17,urgences,8
2024-03-18,all,54
2024-03-18,cardiologie,17
2024-03-18,neurologie,8
2024-03-18,pediatrie,7
2024-03-18,reanimation,11
2024-03-18,urgences,11
2024-03-19,all,50
2024-03-19,cardiologie,11
2024-03-19,neurologie,11
2024-03-19,pediatrie,14
2024-03-19,reanimation,4
2024-03-19,urgences,10
2024-03-20,all,34
2024-03-20,cardiologie,3
2024-03-20,neurologie,9
2024-03-20,pediatrie,12
2024-03-20,reanimation,2
2024-03-20,urgences,8
2024-03-21,all,47
2024-03-21,cardiologie,10
2024-03-21,neurologie,12
2024-03-21,pediatrie,10
2024-03-21,reanimation,7
2024-03-21,urgences,8
2024-03-22,all,52
2024-03-22,cardiologie,13
2024-03-22,neurologie,10
2024-03-22,pediatrie,10
2024-03-22,reanimation,13
2024-03-22,urgences,6
2024-03-23,all,48
2024-03-23,cardiologie,7
2024-03-23,neurologie,7
2024-03-23,pediatrie,13
2024-03-23,reanimation,11
2024-03-23,urgences,10
2024-03-24,all,36
2024-03-24,cardiologie,9
2024-03-24,neurologie,3
2024-03-24,pediatrie,7
2024-03-24,reanimation,8
2024-03-24,urgences,9
2024-03-25,all,50
2024-03-25,cardiologie,4
2024-03-25,neurologie,12
2024-03-25,pediatrie,13
2024-03-25,reanimation,13
2024-03-25,urgences,8
2024-03-26,all,46
2024-03-26,cardiologie,5
2024-03-26,neurologie,8
2024-03-26,pediatrie,12
2024-03-26,reanimation,7
2024-03-26,urgences,14
2024-03-27,all,56
2024-03-27,cardiologie,7
2024-03-27,neurologie,11
2024-03-27,pediatrie,16
2024-03-27,reanimation,12
2024-03-27,urgences,10
2024-03-28,all,52
2024-03-28,cardiologie,9
2024-03-28,neurologie,9
2024-03-28,pediatrie,12
2024-03-28,reanimation,14
2024-03-28,urgences,8
2024-03-29,all,46
2024-03-29,cardiologie,11
2024-03-29,neurologie,11
2024-03-29,pediatrie,7
2024-03-29,reanimation,10
2024-03-29,urgences,7
2024-03-30,all,43
2024-03-30,cardiologie,7
2024-03-30,neurologie,13
2024-03-30,pediatrie,9
2024-03-30,reanimation,8
2024-03-30,urgences,6
2024-03-31,all,40
2024-03-31,cardiologie,6
2024-03-31,neurologie,4
2024-03-31,pediatrie,10
2024-03-31,reanimation,10
2024-03-31,urgences,10
2024-04-01,all,65
2024-04-01,cardiologie,17
2024-04-01,neurologie,11
2024-04-01,pediatrie,16
2024-04-01,reanimation,13
2024-04-01,urgences,8
2024-04-02,all,45
2024-04-02,cardiologie,10
2024-04-02,neurologie,11
2024-04-02,pediatrie,10
2024-04-02,reanimation,5
2024-04-02,urgences,9
2024-04-03,all,47
2024-04-03,cardiologie,10
2024-04-03,neurologie,13
2024-04-03,pediatrie,8
2024-04-03,reanimation,8
2024-04-03,urgences,8
2024-04-04,all,47
2024-04-04,cardiologie,13
2024-04-04,neurologie,8
2024-04-04,pediatrie,11
2024-04-04,reanimation,11
2024-04-04,urgences,4
2024-04-05,all,39
2024-04-05,cardiologie,9
2024-04-05,neurologie,3
2024-04-05,pediatrie,12
2024-04-05,reanimation,10
2024-04-05,urgences,5
2024-04-06,all,42
2024-04-06,cardiologie,10
2024-04-06,neurologie,8
2024-04-06,pediatrie,9
2024-04-06,reanimation,7
2024-04-06,urgences,8
2024-04-07,all,41
2024-04-07,cardiologie,7
2024-04-07,neurologie,8
2024-04-07,pediatrie,6
2024-04-07,reanimation,12
2024-04-07,urgences,8
2024-04-08,all,57
2024-04-08,cardiologie,7
2024-04-08,neurologie,11
2024-04-08,pediatrie,8
2024-04-08,reanimation,20
2024-04-08,urgences,11
2024-04-09,all,48
2024-04-09,cardiologie,4
2024-04-09,neurologie,7
2024-04-09,pediatrie,11
2024-04-09,reanimation,11
2024-04-09,urgences,15
2024-04-10,all,39
2024-04-10,cardiologie,6
2024-04-10,neurologie,9
2024-04-10,pediatrie,11
2024-04-10,reanimation,8
2024-04-10,urgences,5
2024-04-11,all,47
2024-04-11,cardiologie,10
2024-04-11,neurologie,8
2024-04-11,pediatrie,10
2024-04-11,reanimation,12
2024-04-11,urgences,7
2024-04-12,all,47
2024-04-12,cardiologie,9
2024-04-12,neurologie,7
2024-04-12,pediatrie,14
2024-04-12,reanimation,6
2024-04-12,urgences,11
2024-04-13,all,35
2024-04-13,cardiologie,4
2024-04-13,neurologie,7
2024-04-13,pediatrie,5
2024-04-13,reanimation,9
2024-04-13,urgences,10
2024-04-14,all,39
2024-04-14,cardiologie,11
2024-04-14,neurologie,6
2024-04-14,pediatrie,6
2024-04-14,reanimation,11
2024-04-14,urgences,5
2024-04-15,all,61
2024-04-15,cardiologie,14
2024-04-15,neurologie,9
2024-04-15,pediatrie,10
2024-04-15,reanimation,14
2024-04-15,urgences,14
2024-04-16,all,64
2024-04-16,cardiologie,6
2024-04-16,neurologie,15
2024-04-16,pediatrie,11
2024-04-16,reanimation,14
2024-04-16,urgences,18
2024-04-17,all,51
2024-04-17,cardiologie,9
2024-04-17,neurologie,10
2024-04-17,pediatrie,12
2024-04-17,reanimation,12
2024-04-17,urgences,8
2024-04-18,all,52
2024-04-18,cardiologie,7
2024-04-18,neurologie,12
2024-04-18,pediatrie,15
2024-04-18,reanimation,9
2024-04-18,urgences,9
2024-04-19,all,49
2024-04-19,cardiologie,14
2024-04-19,neurologie,11
2024-04-19,pediatrie,7
2024-04-19,reanimation,11
2024-04-19,urgences,6
2024-04-20,all,28
2024-04-20,cardiologie,5
2024-04-20,neurologie,6
2024-04-20,pediatrie,9
2024-04-20,reanimation,3
2024-04-20,urgences,5
2024-04-21,all,40
2024-04-21,cardiologie,13
2024-04-21,neurologie,10
2024-04-21,pediatrie,6
2024-04-21,reanimation,4
2024-04-21,urgences,7
2024-04-22,all,58
2024-04-22,cardiologie,6
2024-04-22,neurologie,11
2024-04-22,pediatrie,12
2024-04-22,reanimation,14
2024-04-22,urgences,15
2024-04-23,all,68
2024-04-23,cardiologie,22
2024-04-23,neurologie,11
2024-04-23,pediatrie,9
2024-04-23,reanimation,11
2024-04-23,urgences,15
2024-04-24,all,48
2024-04-24,cardiologie,10
2024-04-24,neurologie,16
2024-04-24,pediatrie,2
2024-04-24,reanimation,12
2024-04-24,urgences,8
2024-04-25,all,52
2024-04-25,cardiologie,11
2024-04-25,neurologie,12
2024-04-25,pediatrie,12
2024-04-25,reanimation,8
2024-04-25,urgences,9
2024-04-26,all,50
2024-04-26,cardiologie,9
2024-04-26,neurologie,12
2024-04-26,pediatrie,11
2024-04-26,reanimation,11
2024-04-26,urgences,7
2024-04-27,all,33
2024-04-27,cardiologie,8
2024-04-27,neurologie,4
2024-04-27,pediatrie,3
2024-04-27,reanimation,8
2024-04-27,urgences,10
2024-04-28,all,47
2024-04-28,cardiologie,9
2024-04-28,neurologie,10
2024-04-28,pediatrie,10
2024-04-28,reanimation,9
2024-04-28,urgences,9
2024-04-29,all,64
2024-04-29,cardiologie,11
2024-04-29,neurologie,11
2024-04-29,pediatrie,13
2024-04-29,reanimation,11
2024-04-29,urgences,18
2024-04-30,all,56
2024-04-30,cardiologie,8
2024-04-30,neurologie,21
2024-04-30,pediatrie,12
2024-04-30,reanimation,7
2024-04-30,urgences,8
2024-05-01,all,43
2024-05-01,cardiologie,8
2024-05-01,neurologie,8
2024-05-01,pediatrie,10
2024-05-01,reanimation,12
2024-05-01,urgences,5
2024-05-02,all,60
2024-05-02,cardiologie,15
2024-05-02,neurologie,15
2024-05-02,pediatrie,11
2024-05-02,reanimation,13
2024-05-02,urgences,6
2024-05-03,all,39
2024-05-03,cardiologie,9
2024-05-03,neurologie,11
2024-05-03,pediatrie,8
2024-05-03,reanimation,6
2024-05-03,urgences,5
2024-05-04,all,43
2024-05-04,cardiologie,12
2024-05-04,neurologie,8
2024-05-04,pediatrie,13
2024-05-04,reanimation,3
2024-05-04,urgences,7
2024-05-05,all,53
2024-05-05,cardiologie,6
2024-05-05,neurologie,8
2024-05-05,pediatrie,12
2024-05-05,reanimation,16
2024-05-05,urgences,11
2024-05-06,all,48
2024-05-06,cardiologie,11
2024-05-06,neurologie,11
2024-05-06,pediatrie,13
2024-05-06,reanimation,6
2024-05-06,urgences,7
2024-05-07,all,45
2024-05-07,cardiologie,9
2024-05-07,neurologie,6
2024-05-07,pediatrie,13
2024-05-07,reanimation,11
2024-05-07,urgences,6
2024-05-08,all,50
2024-05-08,cardiologie,8
2024-05-08,neurologie,14
2024-05-08,pediatrie,8
2024-05-08,reanimation,11
2024-05-08,urgences,9
2024-05-09,all,45
2024-05-09,cardiologie,9
2024-05-09,neurologie,14
2024-05-09,pediatrie,5
2024-05-09,reanimation,9
2024-05-09,urgences,8
2024-05-10,all,38
2024-05-10,cardiologie,10
2024-05-10,neurologie,4
2024-05-10,pediatrie,7
2024-05-10,reanimation,8
2024-05-10,urgences,9
2024-05-11,all,40
2024-05-11,cardiologie,6
2024-05-11,neurologie,7
2024-05-11,pediatrie,11
2024-05-11,reanimation,7
2024-05-11,urgences,9
2024-05-12,all,33
2024-05-12,cardiologie,11
2024-05-12,neurologie,5
2024-05-12,pediatrie,5
2024-05-12,reanimation,4
2024-05-12,urgences,8
2024-05-13,all,60
2024-05-13,cardiologie,15
2024-05-13,neurologie,13
2024-05-13,pediatrie,9
2024-05-13,reanimation,13
2024-05-13,urgences,10
2024-05-14,all,42
2024-05-14,cardiologie,13
2024-05-14,neurologie,7
2024-05-14,pediatrie,8
2024-05-14,reanimation,5
2024-05-14,urgences,9
2024-05-15,all,60
2024-05-15,cardiologie,16
2024-05-15,neurologie,9
2024-05-15,pediatrie,15
2024-05-15,reanimation,10
2024-05-15,urgences,10
2024-05-16,all,43
2024-05-16,cardiologie,3
2024-05-16,neurologie,10
2024-05-16,pediatrie,10
2024-05-16,reanimation,11
2024-05-16,urgences,9
2024-05-17,all,46
2024-05-17,cardiologie,9
2024-05-17,neurologie,7
2024-05-17,pediatrie,9
2024-05-17,reanimation,12
2024-05-17,urgences,9
2024-05-18,all,43
2024-05-18,cardiologie,3
2024-05-18,neurologie,13
2024-05-18,pediatrie,10
2024-05-18,reanimation,10
2024-05-18,urgences,7
2024-05-19,all,32
2024-05-19,cardiologie,7
2024-05-19,neurologie,7
2024-05-19,pediatrie,5
2024-05-19,reanimation,6
2024-05-19,urgences,7
2024-05-20,all,57
2024-05-20,cardiologie,6
2024-05-20,neurologie,9
2024-05-20,pediatrie,13
2024-05-20,reanimation,14
2024-05-20,urgences,15
2024-05-21,all,58
2024-05-21,cardiologie,10
2024-05-21,neurologie,20
2024-05-21,pediatrie,7
2024-05-21,reanimation,8
2024-05-21,urgences,13
2024-05-22,all,36
2024-05-22,cardiologie,8
2024-05-22,neurologie,7
2024-05-22,pediatrie,7
2024-05-22,reanimation,8
2024-05-22,urgences,6
2024-05-23,all,49
2024-05-23,cardiologie,8
2024-05-23,neurologie,11
2024-05-23,pediatrie,8
2024-05-23,reanimation,10
2024-05-23,urgences,12
2024-05-24,all,50
2024-05-24,cardiologie,11
2024-05-24,neurologie,6
2024-05-24,pediatrie,8
2024-05-24,reanimation,15
2024-05-24,urgences,10
2024-05-25,all,43
2024-05-25,cardiologie,8
2024-05-25,neurologie,8
2024-05-25,pediatrie,10
2024-05-25,reanimation,11
2024-05-25,urgences,6
2024-05-26,all,31
2024-05-26,cardiologie,4
2024-05-26,neurologie,5
2024-05-26,pediatrie,5
2024-05-26,reanimation,7
2024-05-26,urgences,10
2024-05-27,all,44
2024-05-27,cardiologie,18
2024-05-27,neurologie,10
2024-05-27,pediatrie,5
2024-05-27,reanimation,3
2024-05-27,urgences,8
2024-05-28,all,51
2024-05-28,cardiologie,8
2024-05-28,neurologie,15
2024-05-28,pediatrie,10
2024-05-28,reanimation,9
2024-05-28,urgences,9
2024-05-29,all,49
2024-05-29,cardiologie,7
2024-05-29,neurologie,15
2024-05-29,pediatrie,11
2024-05-29,reanimation,4
2024-05-29,urgences,12
2024-05-30,all,49
2024-05-30,cardiologie,11
2024-05-30,neurologie,10
2024-05-30,pediatrie,9
2024-05-30,reanimation,8
2024-05-30,urgences,11
2024-05-31,all,50
2024-05-31,cardiologie,13
2024-05-31,neurologie,12
2024-05-31,pediatrie,8
2024-05-31,reanimation,6
2024-05-31,urgences,11
2024-06-01,all,34
2024-06-01,cardiologie,7
2024-06-01,neurologie,7
2024-06-01,pediatrie,11
2024-06-01,reanimation,5
2024-06-01,urgences,4
2024-06-02,all,39
2024-06-02,cardiologie,7
2024-06-02,neurologie,5
2024-06-02,pediatrie,9
2024-06-02,reanimation,11
2024-06-02,urgences,7
2024-06-03,all,56
2024-06-03,cardiologie,11
2024-06-03,neurologie,10
2024-06-03,pediatrie,15
2024-06-03,reanimation,13
2024-06-03,urgences,7
2024-06-04,all,42
2024-06-04,cardiologie,5
2024-06-04,neurologie,9
2024-06-04,pediatrie,10
2024-06-04,reanimation,7
2024-06-04,urgences,11
2024-06-05,all,59
2024-06-05,cardiologie,14
2024-06-05,neurologie,15
2024-06-05,pediatrie,11
2024-06-05,reanimation,11
2024-06-05,urgences,8
2024-06-06,all,50
2024-06-06,cardiologie,6
2024-06-06,neurologie,9
2024-06-06,pediatrie,15
2024-06-06,reanimation,17
2024-06-06,urgences,3
2024-06-07,all,38
2024-06-07,cardiologie,7
2024-06-07,neurologie,9
2024-06-07,pediatrie,10
2024-06-07,reanimation,7
2024-06-07,urgences,5
2024-06-08,all,40
2024-06-08,cardiologie,10
2024-06-08,neurologie,12
2024-06-08,pediatrie,6
2024-06-08,reanimation,8
2024-06-08,urgences,4
2024-06-09,all,31
2024-06-09,cardiologie,5
2024-06-09,neurologie,9
2024-06-09,pediatrie,6
2024-06-09,reanimation,4
2024-06-09,urgences,7
2024-06-10,all,59
2024-06-10,cardiologie,19
2024-06-10,neurologie,13
2024-06-10,pediatrie,13
2024-06-10,reanimation,7
2024-06-10,urgences,7
2024-06-11,all,54
2024-06-11,cardiologie,9
2024-06-11,neurologie,7
2024-06-11,pediatrie,11
2024-06-11,reanimation,14
2024-06-11,urgences,13
2024-06-12,all,40
2024-06-12,cardiologie,6
2024-06-12,neurologie,3
2024-06-12,pediatrie,18
2024-06-12,reanimation,4
2024-06-12,urgences,9
2024-06-13,all,52
2024-06-13,cardiologie,8
2024-06-13,neurologie,9
2024-06-13,pediatrie,11
2024-06-13,reanimation,12
2024-06-13,urgences,12
2024-06-14,all,48
2024-06-14,cardiologie,13
2024-06-14,neurologie,9
2024-06-14,pediatrie,6
2024-06-14,reanimation,7
2024-06-14,urgences,13
2024-06-15,all,40
2024-06-15,cardiologie,9
2024-06-15,neurologie,9
2024-06-15,pediatrie,8
2024-06-15,reanimation,9
2024-06-15,urgences,5
2024-06-16,all,46
2024-06-16,cardiologie,5
2024-06-16,neurologie,7
2024-06-16,pediatrie,14
2024-06-16,reanimation,10
2024-06-16,urgences,10
2024-06-17,all,50
2024-06-17,cardiologie,13
2024-06-17,neurologie,6
2024-06-17,pediatrie,12
2024-06-17,reanimation,14
2024-06-17,urgences,5
2024-06-18,all,40
2024-06-18,cardiologie,4
2024-06-18,neurologie,9
2024-06-18,pediatrie,6
2024-06-18,reanimation,14
2024-06-18,urgences,7
2024-06-19,all,38
2024-06-19,cardiologie,8
2024-06-19,neurologie,11
2024-06-19,pediatrie,12
2024-06-19,reanimation,2
2024-06-19,urgences,5
2024-06-20,all,39
2024-06-20,cardiologie,7
2024-06-20,neurologie,4
2024-06-20,pediatrie,8
2024-06-20,reanimation,9
2024-06-20,urgences,11
2024-06-21,all,44
2024-06-21,cardiologie,6
2024-06-21,neurologie,5
2024-06-21,pediatrie,14
2024-06-21,reanimation,10
2024-06-21,urgences,9
2024-06-22,all,37
2024-06-22,cardiologie,8
2024-06-22,neurologie,5
2024-06-22,pediatrie,8
2024-06-22,reanimation,9
2024-06-22,urgences,7
2024-06-23,all,36
2024-06-23,cardiologie,8
2024-06-23,neurologie,10
2024-06-23,pediatrie,4
2024-06-23,reanimation,8
2024-06-23,urgences,6
2024-06-24,all,56
2024-06-24,cardiologie,10
2024-06-24,neurologie,8
2024-06-24,pediatrie,8
2024-06-24,reanimation,11
2024-06-24,urgences,19
2024-06-25,all,44
2024-06-25,cardiologie,13
2024-06-25,neurologie,11
2024-06-25,pediatrie,11
2024-06-25,reanimation,6
2024-06-25,urgences,3
2024-06-26,all,53
2024-06-26,cardiologie,6
2024-06-26,neurologie,8
2024-06-26,pediatrie,13
2024-06-26,reanimation,13
2024-06-26,urgences,13
2024-06-27,all,41
2024-06-27,cardiologie,7
2024-06-27,neurologie,8
2024-06-27,pediatrie,12
2024-06-27,reanimation,6
2024-06-27,urgences,8
2024-06-28,all,60
2024-06-28,cardiologie,12
2024-06-28,neurologie,11
2024-06-28,pediatrie,12
2024-06-28,reanimation,13
2024-06-28,urgences,12
2024-06-29,all,37
2024-06-29,cardiologie,8
2024-06-29,neurologie,13
2024-06-29,pediatrie,7
2024-06-29,reanimation,4
2024-06-29,urgences,5
2024-06-30,all,30
2024-06-30,cardiologie,7
2024-06-30,neurologie,7
2024-06-30,pediatrie,7
2024-06-30,reanimation,5
2024-06-30,urgences,4
2024-07-01,all,41
2024-07-01,cardiologie,9
2024-07-01,neurologie,8
2024-07-01,pediatrie,9
2024-07-01,reanimation,11
2024-07-01,urgences,4
2024-07-02,all,45
2024-07-02,cardiologie,8
2024-07-02,neurologie,11
2024-07-02,pediatrie,10
2024-07-02,reanimation,7
2024-07-02,urgences,9
2024-07-03,all,41
2024-07-03,cardiologie,8
2024-07-03,neurologie,7
2024-07-03,pediatrie,9
2024-07-03,reanimation,8
2024-07-03,urgences,9
2024-07-04,all,46
2024-07-04,cardiologie,10
2024-07-04,neurologie,7
2024-07-04,pediatrie,14
2024-07-04,reanimation,8
2024-07-04,urgences,7
2024-07-05,all,45
2024-07-05,cardiologie,9
2024-07-05,neurologie,8
2024-07-05,pediatrie,10
2024-07-05,reanimation,7
2024-07-05,urgences,11
2024-07-06,all,33
2024-07-06,cardiologie,8
2024-07-06,neurologie,9
2024-07-06,pediatrie,5
2024-07-06,reanimation,4
2024-07-06,urgences,7
2024-07-07,all,29
2024-07-07,cardiologie,3
2024-07-07,neurologie,6
2024-07-07,pediatrie,3
2024-07-07,reanimation,8
2024-07-07,urgences,9
2024-07-08,all,37
2024-07-08,cardiologie,6
2024-07-08,neurologie,6
2024-07-08,pediatrie,10
2024-07-08,reanimation,11
2024-07-08,urgences,4
2024-07-09,all,38
2024-07-09,cardiologie,7
2024-07-09,neurologie,5
2024-07-09,pediatrie,8
2024-07-09,reanimation,8
2024-07-09,urgences,10
2024-07-10,all,59
2024-07-10,cardiologie,10
2024-07-10,neurologie,14
2024-07-10,pediatrie,14
2024-07-10,reanimation,8
2024-07-10,urgences,13
2024-07-11,all,54
2024-07-11,cardiologie,8
2024-07-11,neurologie,8
2024-07-11,pediatrie,14
2024-07-11,reanimation,12
2024-07-11,urgences,12
2024-07-12,all,42
2024-07-12,cardiologie,2
2024-07-12,neurologie,12
2024-07-12,pediatrie,7
2024-07-12,reanimation,13
2024-07-12,urgences,8
2024-07-13,all,42
2024-07-13,cardiologie,6
2024-07-13,neurologie,9
2024-07-13,pediatrie,8
2024-07-13,reanimation,8
2024-07-13,urgences,11
2024-07-14,all,44
2024-07-14,cardiologie,14
2024-07-14,neurologie,7
2024-07-14,pediatrie,7
2024-07-14,reanimation,7
2024-07-14,urgences,9
2024-07-15,all,51
2024-07-15,cardiologie,20
2024-07-15,neurologie,7
2024-07-15,pediatrie,10
2024-07-15,reanimation,4
2024-07-15,urgences,10
2024-07-16,all,52
2024-07-16,cardiologie,11
2024-07-16,neurologie,11
2024-07-16,pediatrie,8
2024-07-16,reanimation,12
2024-07-16,urgences,10
2024-07-17,all,51
2024-07-17,cardiologie,13
2024-07-17,neurologie,6
2024-07-17,pediatrie,6
2024-07-17,reanimation,17
2024-07-17,urgences,9
2024-07-18,all,42
2024-07-18,cardiologie,6
2024-07-18,neurologie,16
2024-07-18,pediatrie,5
2024-07-18,reanimation,6
2024-07-18,urgences,9
2024-07-19,all,53
2024-07-19,cardiologie,10
2024-07-19,neurologie,14
2024-07-19,pediatrie,8
2024-07-19,reanimation,11
2024-07-19,urgences,10
2024-07-20,all,44
2024-07-20,cardiologie,11
2024-07-20,neurologie,10
2024-07-20,pediatrie,8
2024-07-20,reanimation,5
2024-07-20,urgences,10
2024-07-21,all,46
2024-07-21,cardiologie,9
2024-07-21,neurologie,13
2024-07-21,pediatrie,7
2024-07-21,reanimation,9
2024-07-21,urgences,8
2024-07-22,all,66
2024-07-22,cardiologie,13
2024-07-22,neurologie,11
2024-07-22,pediatrie,11
2024-07-22,reanimation,21
2024-07-22,urgences,10
2024-07-23,all,39
2024-07-23,cardiologie,6
2024-07-23,neurologie,6
2024-07-23,pediatrie,3
2024-07-23,reanimation,15
2024-07-23,urgences,9
2024-07-24,all,42
2024-07-24,cardiologie,5
2024-07-24,neurologie,8
2024-07-24,pediatrie,8
2024-07-24,reanimation,12
2024-07-24,urgences,9
2024-07-25,all,53
2024-07-25,cardiologie,10
2024-07-25,neurologie,10
2024-07-25,pediatrie,9
2024-07-25,reanimation,14
2024-07-25,urgences,10
2024-07-26,all,41
2024-07-26,cardiologie,9
2024-07-26,neurologie,10
2024-07-26,pediatrie,8
2024-07-26,reanimation,5
2024-07-26,urgences,9
2024-07-27,all,33
2024-07-27,cardiologie,7
2024-07-27,neurologie,2
2024-07-27,pediatrie,11
2024-07-27,reanimation,4
2024-07-27,urgences,9
2024-07-28,all,48
2024-07-28,cardiologie,7
2024-07-28,neurologie,13
2024-07-28,pediatrie,10
2024-07-28,reanimation,8
2024-07-28,urgences,10
2024-07-29,all,47
2024-07-29,cardiologie,7
2024-07-29,neurologie,8
2024-07-29,pediatrie,14
2024-07-29,reanimation,10
2024-07-29,urgences,8
2024-07-30,all,44
2024-07-30,cardiologie,11
2024-07-30,neurologie,8
2024-07-30,pediatrie,9
2024-07-30,reanimation,9
2024-07-30,urgences,7
2024-07-31,all,43
2024-07-31,cardiologie,8
2024-07-31,neurologie,6
2024-07-31,pediatrie,12
2024-07-31,reanimation,10
2024-07-31,urgences,7
2024-08-01,all,41
2024-08-01,cardiologie,4
2024-08-01,neurologie,4
2024-08-01,pediatrie,6
2024-08-01,reanimation,9
2024-08-01,urgences,18
2024-08-02,all,35
2024-08-02,cardiologie,8
2024-08-02,neurologie,9
2024-08-02,pediatrie,3
2024-08-02,reanimation,10
2024-08-02,urgences,5
2024-08-03,all,33
2024-08-03,cardiologie,4
2024-08-03,neurologie,8
2024-08-03,pediatrie,7
2024-08-03,reanimation,8
2024-08-03,urgences,6
2024-08-04,all,26
2024-08-04,cardiologie,6
2024-08-04,neurologie,4
2024-08-04,pediatrie,6
2024-08-04,reanimation,4
2024-08-04,urgences,6
2024-08-05,all,41
2024-08-05,cardiologie,10
2024-08-05,neurologie,11
2024-08-05,pediatrie,4
2024-08-05,reanimation,7
2024-08-05,urgences,9
2024-08-06,all,34
2024-08-06,cardiologie,5
2024-08-06,neurologie,5
2024-08-06,pediatrie,8
2024-08-06,reanimation,5
2024-08-06,urgences,11
2024-08-07,all,37
2024-08-07,cardiologie,7
2024-08-07,neurologie,11
2024-08-07,pediatrie,6
2024-08-07,reanimation,8
2024-08-07,urgences,5
2024-08-08,all,49
2024-08-08,cardiologie,15
2024-08-08,neurologie,6
2024-08-08,pediatrie,14
2024-08-08,reanimation,6
2024-08-08,urgences,8
2024-08-09,all,26
2024-08-09,cardiologie,4
2024-08-09,neurologie,8
2024-08-09,pediatrie,3
2024-08-09,reanimation,5
2024-08-09,urgences,6
2024-08-10,all,32
2024-08-10,cardiologie,8
2024-08-10,neurologie,7
2024-08-10,pediatrie,6
2024-08-10,reanimation,2
2024-08-10,urgences,9
2024-08-11,all,22
2024-08-11,cardiologie,5
2024-08-11,neurologie,6
2024-08-11,pediatrie,5
2024-08-11,reanimation,3
2024-08-11,urgences,3
2024-08-12,all,38
2024-08-12,cardiologie,6
2024-08-12,neurologie,5
2024-08-12,pediatrie,8
2024-08-12,reanimation,10
2024-08-12,urgences,9
2024-08-13,all,41
2024-08-13,cardiologie,7
2024-08-13,neurologie,4
2024-08-13,pediatrie,11
2024-08-13,reanimation,13
2024-08-13,urgences,6
2024-08-14,all,35
2024-08-14,cardiologie,6
2024-08-14,neurologie,4
2024-08-14,pediatrie,7
2024-08-14,reanimation,10
2024-08-14,urgences,8
2024-08-15,all,29
2024-08-15,cardiologie,5
2024-08-15,neurologie,7
2024-08-15,pediatrie,2
2024-08-15,reanimation,6
2024-08-15,urgences,9
2024-08-16,all,31
2024-08-16,cardiologie,8
2024-08-16,neurologie,3
2024-08-16,pediatrie,8
2024-08-16,reanimation,6
2024-08-16,urgences,6
2024-08-17,all,31
2024-08-17,cardiologie,4
2024-08-17,neurologie,9
2024-08-17,pediatrie,8
2024-08-17,reanimation,6
2024-08-17,urgences,4
2024-08-18,all,25
2024-08-18,cardiologie,3
2024-08-18,neurologie,8
2024-08-18,pediatrie,3
2024-08-18,reanimation,6
2024-08-18,urgences,5
2024-08-19,all,41
2024-08-19,cardiologie,8
2024-08-19,neurologie,8
2024-08-19,pediatrie,7
2024-08-19,reanimation,11
2024-08-19,urgences,7
2024-08-20,all,34
2024-08-20,cardiologie,8
2024-08-20,neurologie,7
2024-08-20,pediatrie,3
2024-08-20,reanimation,8
2024-08-20,urgences,8
2024-08-21,all,31
2024-08-21,cardiologie,7
2024-08-21,neurologie,6
2024-08-21,pediatrie,4
2024-08-21,reanimation,5
2024-08-21,urgences,9
2024-08-22,all,45
2024-08-22,cardiologie,10
2024-08-22,neurologie,9
2024-08-22,pediatrie,9
2024-08-22,reanimation,7
2024-08-22,urgences,10
2024-08-23,all,37
2024-08-23,cardiologie,9
2024-08-23,neurologie,4
2024-08-23,pediatrie,8
2024-08-23,reanimation,6
2024-08-23,urgences,10
2024-08-24,all,19
2024-08-24,cardiologie,4
2024-08-24,neurologie,6
2024-08-24,pediatrie,4
2024-08-24,reanimation,2
2024-08-24,urgences,3
2024-08-25,all,28
2024-08-25,cardiologie,2
2024-08-25,neurologie,5
2024-08-25,pediatrie,8
2024-08-25,reanimation,7
2024-08-25,urgences,6
2024-08-26,all,35
2024-08-26,cardiologie,8
2024-08-26,neurologie,5
2024-08-26,pediatrie,5
2024-08-26,reanimation,6
2024-08-26,urgences,11
2024-08-27,all,38
2024-08-27,cardiologie,7
2024-08-27,neurologie,9
2024-08-27,pediatrie,9
2024-08-27,reanimation,5
2024-08-27,urgences,8
2024-08-28,all,29
2024-08-28,cardiologie,9
2024-08-28,neurologie,5
2024-08-28,pediatrie,5
2024-08-28,reanimation,5
2024-08-28,urgences,5
2024-08-29,all,32
2024-08-29,cardiologie,6
2024-08-29,neurologie,8
2024-08-29,pediatrie,7
2024-08-29,reanimation,6
2024-08-29,urgences,5
2024-08-30,all,35
2024-08-30,cardiologie,5
2024-08-30,neurologie,9
2024-08-30,pediatrie,3
2024-08-30,reanimation,7
2024-08-30,urgences,11
2024-08-31,all,30
2024-08-31,cardiologie,6
2024-08-31,neurologie,6
2024-08-31,pediatrie,5
2024-08-31,reanimation,9
2024-08-31,urgences,4
2024-09-01,all,21
2024-09-01,cardiologie,4
2024-09-01,neurologie,5
2024-09-01,pediatrie,1
2024-09-01,reanimation,5
2024-09-01,urgences,6
2024-09-02,all,36
2024-09-02,cardiologie,7
2024-09-02,neurologie,6
2024-09-02,pediatrie,6
2024-09-02,reanimation,9
2024-09-02,urgences,8
2024-09-03,all,30
2024-09-03,cardiologie,6
2024-09-03,neurologie,7
2024-09-03,pediatrie,5
2024-09-03,reanimation,7
2024-09-03,urgences,5
2024-09-04,all,29
2024-09-04,cardiologie,7
2024-09-04,neurologie,4
2024-09-04,pediatrie,7
2024-09-04,reanimation,7
2024-09-04,urgences,4
2024-09-05,all,41
2024-09-05,cardiologie,6
2024-09-05,neurologie,11
2024-09-05,pediatrie,7
2024-09-05,reanimation,9
2024-09-05,urgences,8
2024-09-06,all,34
2024-09-06,cardiologie,8
2024-09-06,neurologie,7
2024-09-06,pediatrie,6
2024-09-06,reanimation,6
2024-09-06,urgences,7
2024-09-07,all,21
2024-09-07,cardiologie,5
2024-09-07,neurologie,5
2024-09-07,pediatrie,5
2024-09-07,reanimation,3
2024-09-07,urgences,3
2024-09-08,all,29
2024-09-08,cardiologie,8
2024-09-08,neurologie,1
2024-09-08,pediatrie,5
2024-09-08,reanimation,6
2024-09-08,urgences,9
2024-09-09,all,48
2024-09-09,cardiologie,8
2024-09-09,neurologie,15
2024-09-09,pediatrie,9
2024-09-09,reanimation,5
2024-09-09,urgences,11
2024-09-10,all,37
2024-09-10,cardiologie,10
2024-09-10,neurologie,2
2024-09-10,pediatrie,11
2024-09-10,reanimation,8
2024-09-10,urgences,6
2024-09-11,all,24
2024-09-11,cardiologie,2
2024-09-11,neurologie,4
2024-09-11,pediatrie,9
2024-09-11,reanimation,5
2024-09-11,urgences,4
2024-09-12,all,29
2024-09-12,cardiologie,10
2024-09-12,neurologie,8
2024-09-12,pediatrie,3
2024-09-12,reanimation,3
2024-09-12,urgences,5
2024-09-13,all,37
2024-09-13,cardiologie,7
2024-09-13,neurologie,11
2024-09-13,pediatrie,5
2024-09-13,reanimation,7
2024-09-13,urgences,7
2024-09-14,all,22
2024-09-14,cardiologie,5
2024-09-14,neurologie,6
2024-09-14,pediatrie,1
2024-09-14,reanimation,2
2024-09-14,urgences,8
2024-09-15,all,27
2024-09-15,cardiologie,5
2024-09-15,neurologie,7
2024-09-15,pediatrie,6
2024-09-15,reanimation,6
2024-09-15,urgences,3
2024-09-16,all,40
2024-09-16,cardiologie,6
2024-09-16,neurologie,14
2024-09-16,pediatrie,7
2024-09-16,reanimation,9
2024-09-16,urgences,4
2024-09-17,all,27
2024-09-17,cardiologie,7
2024-09-17,neurologie,4
2024-09-17,pediatrie,5
2024-09-17,reanimation,6
2024-09-17,urgences,5
2024-09-18,all,31
2024-09-18,cardiologie,5
2024-09-18,neurologie,5
2024-09-18,pediatrie,9
2024-09-18,reanimation,3
2024-09-18,urgences,9
2024-09-19,all,16
2024-09-19,cardiologie,6
2024-09-19,neurologie,3
2024-09-19,pediatrie,2
2024-09-19,reanimation,2
2024-09-19,urgences,3
2024-09-20,all,26
2024-09-20,cardiologie,4
2024-09-20,neurologie,5
2024-09-20,pediatrie,6
2024-09-20,reanimation,7
2024-09-20,urgences,4
2024-09-21,all,24
2024-09-21,cardiologie,5
2024-09-21,neurologie,6
2024-09-21,pediatrie,5
2024-09-21,reanimation,4
2024-09-21,urgences,4
2024-09-22,all,20
2024-09-22,cardiologie,6
2024-09-22,neurologie,4
2024-09-22,pediatrie,3
2024-09-22,reanimation,6
2024-09-22,urgences,1
2024-09-23,all,44
2024-09-23,cardiologie,9
2024-09-23,neurologie,10
2024-09-23,pediatrie,8
2024-09-23,reanimation,8
2024-09-23,urgences,9
2024-09-24,all,24
2024-09-24,cardiologie,3
2024-09-24,neurologie,4
2024-09-24,pediatrie,3
2024-09-24,reanimation,5
2024-09-24,urgences,9
2024-09-25,all,29
2024-09-25,cardiologie,4
2024-09-25,neurologie,10
2024-09-25,pediatrie,6
2024-09-25,reanimation,6
2024-09-25,urgences,3
2024-09-26,all,31
2024-09-26,cardiologie,9
2024-09-26,neurologie,5
2024-09-26,pediatrie,3
2024-09-26,reanimation,5
2024-09-26,urgences,9
2024-09-27,all,37
2024-09-27,cardiologie,7
2024-09-27,neurologie,7
2024-09-27,pediatrie,8
2024-09-27,reanimation,7
2024-09-27,urgences,8
2024-09-28,all,19
2024-09-28,cardiologie,4
2024-09-28,neurologie,3
2024-09-28,pediatrie,6
2024-09-28,reanimation,4
2024-09-28,urgences,2
2024-09-29,all,29
2024-09-29,cardiologie,3
2024-09-29,neurologie,11
2024-09-29,pediatrie,6
2024-09-29,reanimation,6
2024-09-29,urgences,3
2024-09-30,all,35
2024-09-30,cardiologie,3
2024-09-30,neurologie,9
2024-09-30,pediatrie,7
2024-09-30,reanimation,7
2024-09-30,urgences,9
2024-10-01,all,26
2024-10-01,cardiologie,5
2024-10-01,neurologie,5
2024-10-01,pediatrie,6
2024-10-01,reanimation,5
2024-10-01,urgences,5
2024-10-02,all,32
2024-10-02,cardiologie,6
2024-10-02,neurologie,5
2024-10-02,pediatrie,5
2024-10-02,reanimation,6
2024-10-02,urgences,10
2024-10-03,all,31
2024-10-03,cardiologie,6
2024-10-03,neurologie,5
2024-10-03,pediatrie,8
2024-10-03,reanimation,6
2024-10-03,urgences,6
2024-10-04,all,27
2024-10-04,cardiologie,9
2024-10-04,neurologie,5
2024-10-04,pediatrie,4
2024-10-04,reanimation,6
2024-10-04,urgences,3
2024-10-05,all,24
2024-10-05,cardiologie,4
2024-10-05,neurologie,4
2024-10-05,pediatrie,5
2024-10-05,reanimation,8
2024-10-05,urgences,3
2024-10-06,all,23
2024-10-06,cardiologie,6
2024-10-06,neurologie,7
2024-10-06,pediatrie,6
2024-10-06,reanimation,2
2024-10-06,urgences,2
2024-10-07,all,35
2024-10-07,cardiologie,8
2024-10-07,neurologie,6
2024-10-07,pediatrie,10
2024-10-07,reanimation,4
2024-10-07,urgences,7
2024-10-08,all,33
2024-10-08,cardiologie,4
2024-10-08,neurologie,5
2024-10-08,pediatrie,6
2024-10-08,reanimation,6
2024-10-08,urgences,12
2024-10-09,all,37
2024-10-09,cardiologie,5
2024-10-09,neurologie,4
2024-10-09,pediatrie,9
2024-10-09,reanimation,12
2024-10-09,urgences,7
2024-10-10,all,24
2024-10-10,cardiologie,8
2024-10-10,neurologie,2
2024-10-10,pediatrie,4
2024-10-10,reanimation,3
2024-10-10,urgences,7
2024-10-11,all,40
2024-10-11,cardiologie,6
2024-10-11,neurologie,4
2024-10-11,pediatrie,10
2024-10-11,reanimation,8
2024-10-11,urgences,12
2024-10-12,all,17
2024-10-12,cardiologie,5
2024-10-12,neurologie,3
2024-10-12,pediatrie,5
2024-10-12,reanimation,3
2024-10-12,urgences,1
2024-10-13,all,23
2024-10-13,cardiologie,5
2024-10-13,neurologie,6
2024-10-13,pediatrie,5
2024-10-13,reanimation,2
2024-10-13,urgences,5
2024-10-14,all,38
2024-10-14,cardiologie,7
2024-10-14,neurologie,6
2024-10-14,pediatrie,10
2024-10-14,reanimation,8
2024-10-14,urgences,7
2024-10-15,all,31
2024-10-15,cardiologie,7
2024-10-15,neurologie,4
2024-10-15,pediatrie,6
2024-10-15,reanimation,6
2024-10-15,urgences,8
2024-10-16,all,27
2024-10-16,cardiologie,6
2024-10-16,neurologie,7
2024-10-16,pediatrie,4
2024-10-16,reanimation,2
2024-10-16,urgences,8
2024-10-17,all,29
2024-10-17,cardiologie,5
2024-10-17,neurologie,7
2024-10-17,pediatrie,4
2024-10-17,reanimation,4
2024-10-17,urgences,9
2024-10-18,all,28
2024-10-18,cardiologie,8
2024-10-18,neurologie,5
2024-10-18,pediatrie,6
2024-10-18,reanimation,1
2024-10-18,urgences,8
2024-10-19,all,22
2024-10-19,cardiologie,5
2024-10-19,neurologie,4
2024-10-19,pediatrie,5
2024-10-19,reanimation,2
2024-10-19,urgences,6
2024-10-20,all,27
2024-10-20,cardiologie,3
2024-10-20,neurologie,3
2024-10-20,pediatrie,8
2024-10-20,reanimation,8
2024-10-20,urgences,5
2024-10-21,all,36
2024-10-21,cardiologie,3
2024-10-21,neurologie,12
2024-10-21,pediatrie,7
2024-10-21,reanimation,9
2024-10-21,urgences,5
2024-10-22,all,27
2024-10-22,cardiologie,6
2024-10-22,neurologie,1
2024-10-22,pediatrie,5
2024-10-22,reanimation,9
2024-10-22,urgences,6
2024-10-23,all,34
2024-10-23,cardiologie,8
2024-10-23,neurologie,6
2024-10-23,pediatrie,7
2024-10-23,reanimation,7
2024-10-23,urgences,6
2024-10-24,all,32
2024-10-24,cardiologie,8
2024-10-24,neurologie,7
2024-10-24,pediatrie,8
2024-10-24,reanimation,6
2024-10-24,urgences,3
2024-10-25,all,34
2024-10-25,cardiologie,4
2024-10-25,neurologie,5
2024-10-25,pediatrie,8
2024-10-25,reanimation,10
2024-10-25,urgences,7
2024-10-26,all,26
2024-10-26,cardiologie,4
2024-10-26,neurologie,8
2024-10-26,pediatrie,4
2024-10-26,reanimation,6
2024-10-26,urgences,4
2024-10-27,all,21
2024-10-27,cardiologie,3
2024-10-27,neurologie,4
2024-10-27,pediatrie,6
2024-10-27,reanimation,2
2024-10-27,urgences,6
2024-10-28,all,32
2024-10-28,cardiologie,6
2024-10-28,neurologie,3
2024-10-28,pediatrie,8
2024-10-28,reanimation,6
2024-10-28,urgences,9
2024-10-29,all,34
2024-10-29,cardiologie,7
2024-10-29,neurologie,6
2024-10-29,pediatrie,9
2024-10-29,reanimation,7
2024-10-29,urgences,5
2024-10-30,all,33
2024-10-30,cardiologie,4
2024-10-30,neurologie,3
2024-10-30,pediatrie,8
2024-10-30,reanimation,6
2024-10-30,urgences,12
2024-10-31,all,30
2024-10-31,cardiologie,6
2024-10-31,neurologie,7
2024-10-31,pediatrie,7
2024-10-31,reanimation,6
2024-10-31,urgences,4
2024-11-01,all,31
2024-11-01,cardiologie,8
2024-11-01,neurologie,7
2024-11-01,pediatrie,6
2024-11-01,reanimation,3
2024-11-01,urgences,7
2024-11-02,all,30
2024-11-02,cardiologie,3
2024-11-02,neurologie,8
2024-11-02,pediatrie,4
2024-11-02,reanimation,7
2024-11-02,urgences,8
2024-11-03,all,23
2024-11-03,cardiologie,5
2024-11-03,neurologie,6
2024-11-03,pediatrie,3
2024-11-03,reanimation,7
2024-11-03,urgences,2
2024-11-04,all,40
2024-11-04,cardiologie,2
2024-11-04,neurologie,8
2024-11-04,pediatrie,8
2024-11-04,reanimation,13
2024-11-04,urgences,9
2024-11-05,all,31
2024-11-05,cardiologie,4
2024-11-05,neurologie,8
2024-11-05,pediatrie,6
2024-11-05,reanimation,6
2024-11-05,urgences,7
2024-11-06,all,32
2024-11-06,cardiologie,11
2024-11-06,neurologie,4
2024-11-06,pediatrie,5
2024-11-06,reanimation,7
2024-11-06,urgences,5
2024-11-07,all,39
2024-11-07,cardiologie,9
2024-11-07,neurologie,7
2024-11-07,pediatrie,13
2024-11-07,reanimation,5
2024-11-07,urgences,5
2024-11-08,all,38
2024-11-08,cardiologie,8
2024-11-08,neurologie,7
2024-11-08,pediatrie,7
2024-11-08,reanimation,10
2024-11-08,urgences,6
2024-11-09,all,30
2024-11-09,cardiologie,5
2024-11-09,neurologie,6
2024-11-09,pediatrie,3
2024-11-09,reanimation,8
2024-11-09,urgences,8
2024-11-10,all,33
2024-11-10,cardiologie,10
2024-11-10,neurologie,7
2024-11-10,pediatrie,5
2024-11-10,reanimation,4
2024-11-10,urgences,7
2024-11-11,all,40
2024-11-11,cardiologie,7
2024-11-11,neurologie,11
2024-11-11,pediatrie,10
2024-11-11,reanimation,6
2024-11-11,urgences,6
2024-11-12,all,39
2024-11-12,cardiologie,7
2024-11-12,neurologie,14
2024-11-12,pediatrie,7
2024-11-12,reanimation,7
2024-11-12,urgences,4
2024-11-13,all,34
2024-11-13,cardiologie,3
2024-11-13,neurologie,6
2024-11-13,pediatrie,7
2024-11-13,reanimation,11
2024-11-13,urgences,7
2024-11-14,all,38
2024-11-14,cardiologie,13
2024-11-14,neurologie,8
2024-11-14,pediatrie,8
2024-11-14,reanimation,4
2024-11-14,urgences,5
2024-11-15,all,36
2024-11-15,cardiologie,3
2024-11-15,neurologie,9
2024-11-15,pediatrie,8
2024-11-15,reanimation,9
2024-11-15,urgences,7
2024-11-16,all,30
2024-11-16,cardiologie,6
2024-11-16,neurologie,6
2024-11-16,pediatrie,6
2024-11-16,reanimation,5
2024-11-16,urgences,7
2024-11-17,all,33
2024-11-17,cardiologie,4
2024-11-17,neurologie,5
2024-11-17,pediatrie,5
2024-11-17,reanimation,11
2024-11-17,urgences,8
2024-11-18,all,38
2024-11-18,cardiologie,7
2024-11-18,neurologie,9
2024-11-18,pediatrie,5
2024-11-18,reanimation,6
2024-11-18,urgences,11
2024-11-19,all,50
2024-11-19,cardiologie,9
2024-11-19,neurologie,14
2024-11-19,pediatrie,8
2024-11-19,reanimation,11
2024-11-19,urgences,8
2024-11-20,all,33
2024-11-20,cardiologie,11
2024-11-20,neurologie,1
2024-11-20,pediatrie,9
2024-11-20,reanimation,7
2024-11-20,urgences,5
2024-11-21,all,32
2024-11-21,cardiologie,11
2024-11-21,neurologie,3
2024-11-21,pediatrie,9
2024-11-21,reanimation,5
2024-11-21,urgences,4
2024-11-22,all,47
2024-11-22,cardiologie,10
2024-11-22,neurologie,8
2024-11-22,pediatrie,12
2024-11-22,reanimation,9
2024-11-22,urgences,8
2024-11-23,all,36
2024-11-23,cardiologie,2
2024-11-23,neurologie,6
2024-11-23,pediatrie,12
2024-11-23,reanimation,12
2024-11-23,urgences,4
2024-11-24,all,35
2024-11-24,cardiologie,9
2024-11-24,neurologie,5
2024-11-24,pediatrie,4
2024-11-24,reanimation,8
2024-11-24,urgences,9
2024-11-25,all,52
2024-11-25,cardiologie,10
2024-11-25,neurologie,13
2024-11-25,pediatrie,11
2024-11-25,reanimation,11
2024-11-25,urgences,7
2024-11-26,all,41
2024-11-26,cardiologie,14
2024-11-26,neurologie,5
2024-11-26,pediatrie,13
2024-11-26,reanimation,5
2024-11-26,urgences,4
2024-11-27,all,36
2024-11-27,cardiologie,7
2024-11-27,neurologie,6
2024-11-27,pediatrie,7
2024-11-27,reanimation,8
2024-11-27,urgences,8
2024-11-28,all,43
2024-11-28,cardiologie,7
2024-11-28,neurologie,7
2024-11-28,pediatrie,8
2024-11-28,reanimation,7
2024-11-28,urgences,14
2024-11-29,all,39
2024-11-29,cardiologie,3
2024-11-29,neurologie,7
2024-11-29,pediatrie,12
2024-11-29,reanimation,9
2024-11-29,urgences,8
2024-11-30,all,40
2024-11-30,cardiologie,11
2024-11-30,neurologie,12
2024-11-30,pediatrie,4
2024-11-30,reanimation,5
2024-11-30,urgences,8
2024-12-01,all,26
2024-12-01,cardiologie,5
2024-12-01,neurologie,6
2024-12-01,pediatrie,5
2024-12-01,reanimation,7
2024-12-01,urgences,3
2024-12-02,all,34
2024-12-02,cardiologie,9
2024-12-02,neurologie,8
2024-12-02,pediatrie,6
2024-12-02,reanimation,6
2024-12-02,urgences,5
2024-12-03,all,33
2024-12-03,cardiologie,5
2024-12-03,neurologie,6
2024-12-03,pediatrie,10
2024-12-03,reanimation,6
2024-12-03,urgences,6
2024-12-04,all,37
2024-12-04,cardiologie,9
2024-12-04,neurologie,10
2024-12-04,pediatrie,7
2024-12-04,reanimation,6
2024-12-04,urgences,5
2024-12-05,all,32
2024-12-05,cardiologie,7
2024-12-05,neurologie,7
2024-12-05,pediatrie,8
2024-12-05,reanimation,6
2024-12-05,urgences,4
2024-12-06,all,32
2024-12-06,cardiologie,6
2024-12-06,neurologie,3
2024-12-06,pediatrie,11
2024-12-06,reanimation,7
2024-12-06,urgences,5
2024-12-07,all,30
2024-12-07,cardiologie,5
2024-12-07,neurologie,7
2024-12-07,pediatrie,2
2024-12-07,reanimation,11
2024-12-07,urgences,5
2024-12-08,all,31
2024-12-08,cardiologie,7
2024-12-08,neurologie,7
2024-12-08,pediatrie,5
2024-12-08,reanimation,8
2024-12-08,urgences,4
2024-12-09,all,40
2024-12-09,cardiologie,12
2024-12-09,neurologie,7
2024-12-09,pediatrie,11
2024-12-09,reanimation,4
2024-12-09,urgences,6
2024-12-10,all,35
2024-12-10,cardiologie,8
2024-12-10,neurologie,7
2024-12-10,pediatrie,7
2024-12-10,reanimation,4
2024-12-10,urgences,9
2024-12-11,all,40
2024-12-11,cardiologie,10
2024-12-11,neurologie,7
2024-12-11,pediatrie,12
2024-12-11,reanimation,5
2024-12-11,urgences,6
2024-12-12,all,31
2024-12-12,cardiologie,8
2024-12-12,neurologie,6
2024-12-12,pediatrie,3
2024-12-12,reanimation,4
2024-12-12,urgences,10
2024-12-13,all,31
2024-12-13,cardiologie,6
2024-12-13,neurologie,8
2024-12-13,pediatrie,6
2024-12-13,reanimation,4
2024-12-13,urgences,7
2024-12-14,all,29
2024-12-14,cardiologie,7
2024-12-14,neurologie,4
2024-12-14,pediatrie,7
2024-12-14,reanimation,4
2024-12-14,urgences,7
2024-12-15,all,31
2024-12-15,cardiologie,7
2024-12-15,neurologie,3
2024-12-15,pediatrie,7
2024-12-15,reanimation,9
2024-12-15,urgences,5
2024-12-16,all,50
2024-12-16,cardiologie,13
2024-12-16,neurologie,8
2024-12-16,pediatrie,13
2024-12-16,reanimation,11
2024-12-16,urgences,5
2024-12-17,all,51
2024-12-17,cardiologie,12
2024-12-17,neurologie,9
2024-12-17,pediatrie,16
2024-12-17,reanimation,11
2024-12-17,urgences,3
2024-12-18,all,48
2024-12-18,cardiologie,7
2024-12-18,neurologie,9
2024-12-18,pediatrie,12
2024-12-18,reanimation,13
2024-12-18,urgences,7
2024-12-19,all,42
2024-12-19,cardiologie,11
2024-12-19,neurologie,6
2024-12-19,pediatrie,8
2024-12-19,reanimation,11
2024-12-19,urgences,6
2024-12-20,all,43
2024-12-20,cardiologie,7
2024-12-20,neurologie,4
2024-12-20,pediatrie,5
2024-12-20,reanimation,15
2024-12-20,urgences,12
2024-12-21,all,30
2024-12-21,cardiologie,8
2024-12-21,neurologie,3
2024-12-21,pediatrie,6
2024-12-21,reanimation,7
2024-12-21,urgences,6
2024-12-22,all,36
2024-12-22,cardiologie,6
2024-12-22,neurologie,8
2024-12-22,pediatrie,10
2024-12-22,reanimation,7
2024-12-22,urgences,5
2024-12-23,all,50
2024-12-23,cardiologie,15
2024-12-23,neurologie,9
2024-12-23,pediatrie,9
2024-12-23,reanimation,10
2024-12-23,urgences,7
2024-12-24,all,48
2024-12-24,cardiologie,12
2024-12-24,neurologie,9
2024-12-24,pediatrie,6
2024-12-24,reanimation,8
2024-12-24,urgences,13
2024-12-25,all,41
2024-12-25,cardiologie,9
2024-12-25,neurologie,4
2024-12-25,pediatrie,12
2024-12-25,reanimation,9
2024-12-25,urgences,7
2024-12-26,all,51
2024-12-26,cardiologie,8
2024-12-26,neurologie,13
2024-12-26,pediatrie,11
2024-12-26,reanimation,5
2024-12-26,urgences,14
2024-12-27,all,59
2024-12-27,cardiologie,11
2024-12-27,neurologie,8
2024-12-27,pediatrie,12
2024-12-27,reanimation,15
2024-12-27,urgences,13
2024-12-28,all,38
2024-12-28,cardiologie,6
2024-12-28,neurologie,5
2024-12-28,pediatrie,9
2024-12-28,reanimation,9
2024-12-28,urgences,9
2024-12-29,all,41
2024-12-29,cardiologie,8
2024-12-29,neurologie,5
2024-12-29,pediatrie,14
2024-12-29,reanimation,5
2024-12-29,urgences,9
2024-12-30,all,63
2024-12-30,cardiologie,9
2024-12-30,neurologie,14
2024-12-30,pediatrie,10
2024-12-30,reanimation,17
2024-12-30,urgences,13
2024-12-31,all,47
2024-12-31,cardiologie,8
2024-12-31,neurologie,8
2024-12-31,pediatrie,7
2024-12-31,reanimation,10
2024-12-31,urgences,14
